TRULY Unique ID,EASYPROD - UniquID,EASYPROD - Appt ID,NEW OCCUPANCY UNIT,NEW OCCUPANCY ADRESSS,ASSAF UNIT,Assaf Address,ZEHAVIT yechida,zehavit address,zehavit alternative address,RICKI APT ,ricki insurance,CONTROLSHEET
001,3228,U001,01,חנה סנש 08/05,1,חנה סנש 8/5,1,חנה סנש 8/5,חנה סנש 8/28,1,חנה סנש 08/05,1
002,2015,U002,02,חנה סנש 18/7 ב',2,חנה סנש 18/15,2,חנה סנש 18/15,"חנה סנש 18/7 ב'
רזיאל 3/15",2,חנה סנש 18/7 ב',2
003,2805,U003,03,השלום 129/6,3,השלום 129/6,3,השלום 129/5 ,"השלום 129/6 א'
בארנונה",3,השלום 129/6,3
004,3222,U004,04,חנה סנש 6/6,4,חנה סנש 6/8,4,חנה סנש 6/6,"חנה סנש 6/8
בחשמל 6/22",4,חנה סנש 6/6,4
005,1825,U005,05,גוש עציון 83/6,5,גוש עציון 83/6,5,גוש עציון  83/6,בחשמל גוש עציון 83/24,5,גוש עציון 83/6,5
006,2608,U006,6,חנה סנש 14/8,6,חנה סנש 14/8,6,חנה סנש 14/8 א',X,6,חנה סנש 14/8,6
007,3239,U007,7,חנה סנש 12/1,7,חנה סנש 12/1,7,חנה סנש 12/17,חנה סנש 12/39 בחשמל,7,חנה סנש 12/1,7
008,0917,U008,8,רוטנברג 12/17,8,רוטנברג 12/17,8,רוטנברג 44632,בח״ח רוטנברג 12/17,8,רוטנברג 12/17,8
009,1834,U009,9,גוש עציון 87/3,9,גוש עציון 87/3,9,גוש עציון 87/3,גוש עציון 87/33,9,גוש עציון 87/3,9
00A,1859,U010,10,גוש עציון 95/4,10,גוש עציון 95/4,10,גוש עציון 95/4,גוש עציון 95/58,10,גוש עציון 95/4,10
00B,2037,U011,11,חנה סנש 18/7 ה',11,רזיאל 18/7,11,חנה סנש 18/37,"חנה סנש 18/7ה'
רזיאל 9/37
רזיאל 9/7 ",11,חנה סנש 18/7 ה',11
00C,1721,U012,12,נילי 7/21,12,נילי 7/21,12,"ני""לי  7/21",בפזגז נילי 5/21,12,נילי 7/21,12
00D,2614,U013,13,חנה סנש 14/14 ב',13,חנה סנש 14/14,13,חנה סנש 14/14,"ח""ס 14\14 ב'",13,חנה סנש 14/14 ב',13
00E,3238,U014,14,חנה סנש 10/8,14,חנה סנש 10/8,14,חנה סנש 10/8,חנה סנש 10/38,14,חנה סנש 10/8,14
00F,3216,U015,15,חנה סנש 4/8,15,חנה סנש 4/7,15,חנה סנש 4/8,חנה סנש 4/16,15,חנה סנש 4/8,15
010,3004,U016,16,וינגייט 4/3,16,וינגיט 4/3,16,וינגייט 4/3,"השלום 125
וינגייט 4/4",16,וינגייט 4/3,16
011,1722,U017,17,נילי 7/22,17,נילי 7/22,17,"ני""לי  7/22",בפזגז נילי 5/22,17,נילי 7/22,17
012,3237,U018,18,חנה סנש 10/7,18,חנה סנש 10/7,18,חנה סנש 10/7,חנה סנש 10/37,18,חנה סנש 10/7,18
013,2047,U019,19,חנה סנש 18/1 ז',19,חנה סנש 18/01,19,חנה סנש 18/1 ז',"רזיאל 13/1
רזיאל 13/47
בחשמל חנה סנש 18/47",19,חנה סנש 18/1 ז',19
014,3205,U020,20,חנה סנש 2/5,20,חנה סנש 2/5,20,חנה סנש 2/5,X,20,חנה סנש 2/5,20
015,0926,U021,21,רוטנברג 12/26,21,רוטנברג 12/12,21,רוטנברג 12/12,רוטנברג 12/26 ,21,רוטנברג 12/26,21
016,3201,U022,22,חנה סנש 2/1,22,חנה סנש 2/1,22,חנה סנש 2/1,X,22,חנה סנש 2/1,22
017,3202,U023,23,חנה סנש 2/2,23,חנה סנש 2/2,23,חנה סנש 2/2,X,23,חנה סנש 2/2,23
018,2620,U024,24,חנה סנש 14/20,24,חנה סנש 14/20,24,חנה סנש 14/20 ג',X,24,חנה סנש 14/20,24
019,2107,U025,25,השלום 135/6,25,השלום 135/6,25,השלום 135/6,X,25,השלום 135/6,25
01A,3208,U026,26,חנה סנש 2/8,26,חנה סנש 2/8,26,חנה סנש 2/8,X,26,חנה סנש 2/8,26
01B,3234,U027,27,חנה סנש 10/4,27,חנה סנש 10/4,27,חנה סנש 10/4,"חנה סנש 10/34
בחשמל",27,חנה סנש 10/4,27
01C,2626,U028,28,חנה סנש 14/26,28,חנה סנש 14/26,28,חנה סנש  14/26 ד',X,28,חנה סנש 14/26,28
01D,2130,U029,29,השלום 133/30,29,השלום 133/30,29,השלום  133/30,X,29,השלום 133/30,29
01E,2644,U030,30,חנה סנש 14/44,30,חנה סנש 14/44,30,חנה סנש  14/44 ו',X,30,חנה סנש 14/44,30
01F,1728,U031,31,נילי 7/28,31,נילי 7/28,31,"ני""לי  7/28","ני""לי 5/28",31,נילי 7/28,31
020,2023,U032,32,חנה סנש 18/7 ג',32,חנה סנש 18/7,32,חנה סנש 18/7 ג',חנה סנש 18/23,32,חנה סנש 18/7 ג',32
021,1822,U033,33,גוש עציון 83/3,33,גוש עציון 83/4,33,גוש עציון 83/3,גוש עציון 83/21,33,גוש עציון 83/3,33
022,2054,U034,34,חנה סנש 18/8 ז',34,חנה סנש 18/8,34,חנה סנש 18/8  ז',חנה סנש 18/54 רזיאל 13/8,34,חנה סנש 18/8 ז',34
023,2028,U035,35,חנה סנש 18/5 ד',35,חנה סנש 18/5,35,חנה סנש 18/5 ד',"רזיאל 18/5
חנה סנש 18/28
רזיאל 7/5",35,חנה סנש 18/5 ד',35
024,8735,U036,36,גוש עציון 87/5,36,גוש עציון 87/5,36,גוש עציון 87/5,גוש עציון 87/35,36,גוש עציון 87/5,36
025,2642,U037,37,חנה סנש 14/42 ו',37,חנה סנש 14/42,37,חנה סנש 14/42 ו',X,37,חנה סנש 14/42 ו',37
026,3226,U038,38,חנה סנש 8/3,38,חנה סנש 8/3,38,חנה סנש 8/3  ד',חנה סנש 8/26,38,חנה סנש 8/3,38
027,2038,U039,39,חנה סנש 18/8 ה',39,חנה סנש 18/8 ה',39,חנה סנש 18/8 ה',"רזיאל 9/38
ריזיאל 5/38
חנה סנש 18/38 חשמל",39,חנה סנש 18/8 ה',39
028,1925,U040,40,גוש עציון 97/25,40,גוש עציון 97/25,40,גוש עציון 97/25,בחשמל 99/25,40,גוש עציון 97/25,40
029,2604,U041,41,חנה סנש 14/4,41,חנה סנש 14/4,41,חנה סנש 42839,X,41,חנה סנש 14/4,41
02A,3221,U042,42,חנה סנש 6/5,42,חנה סנש 6/5,42,חנה סנש 42861,חנה סנש 6/21,42,חנה סנש 6/5,42
02B,1824,U043,43,גוש עציון 83/5,43,גוש עציון 83/5,43,גוש עציון 83/5,גוש עציון 83/23,43,גוש עציון 83/5,43
02C,0914,U044,44,רוטנברג 14/14,44,רוטנברג 14/14,44,רוטנברג 14/14,X,44,רוטנברג 0,44
02D,2603,U045,45,חנה סנש 14/3,45,חנה סנש 14/3,45,חנה סנש 14/3 א',X,45,חנה סנש 14/3,45
02E,1432,U046,46,רוטנברג 6/1,46,רוטנברג 6/32,46,רוטנברג 6/32 ו',X,46,רוטנברג 6/1,46
02F,1817,U047,47,גוש עציון 81/4,47,גוש עציון 81/4,47,גוש עציון 77/16,"גוש עציון 81/4 בארנונה
גוש עציון 81/16 בחשמל ובגז",47,גוש עציון 81/4,47
030,2602,U048,48,חנה סנש 14/2,48,חנה סנש 14/2,48,חנה סנש  42414,X,48,חנה סנש 14/2,48
031,1327,U049,49,בן גוריון 18/13,49,בן גוריון 18/13,49,בן גוריון 18/13,X,49,בן גוריון 18/13,49
032,2013,U050,50,חנה סנש 18/5 ב',50,חנה סנש 18/5 ב,50,חנה סנש 18/5 ב',"רזיאל 3/13
חנה סנש 18/13 (בחשמל)",50,חנה סנש 18/5 ב',50
033,3246,U051,51,חנה סנש 12/8,51,חנה סנש 12/8,51,חנה סנש 42959,"בחברת חשמל 
חנה סנש 12/46",51,חנה סנש 12/8,51
034,1332,U052,52,בן גוריון 20/3,52,בן גוריון 20/3,52,בן גוריון 42845,X,52,בן גוריון 20/3,52
035,3204,U053,53,חנה סנש 2/4,53,חנה סנש 2/4,53,חנה סנש 42827,X,53,חנה סנש 2/4,53
036,3008,U054,54A,וינגייט 2/7,54A,וינגיט 2/7,54A,וינגייט 42918,"השלום 125
(ביחד- 54B)",54,וינגייט 2/7,54
037,,,54B,וינגייט 2/7,54B,וינגיט 2/7,54B,וינגייט 42918,"השלום 125
(ביחד- 54A)",, ,
038,1927,U055,55,גוש עציון 97/27,55,גוש עציון 97/27,55,גוש עציון 97/27,"בן גוריון 28
בח.חשמל גוש עציון 99/27",55,גוש עציון 97/27,55
039,1930,U056,56,גוש עציון 97/30,56,גוש עציון 97/30,56,גוש עציון 97/30,גוש עציון 99/30,56,גוש עציון 97/30,56
03A,0946,U057,57,רוטנברג 8/4,57,רוטנברג 8/46,57,רוטנברג 8/46,רוטנברג 8/4,57,רוטנברג 8/4,57
03B,1841,U058,58,גוש עציון 89/4,58,גוש עציון 89/4,58,גוש עציון 89/4,גוש עציון 89/40,58,גוש עציון 89/4,58
03C,2020,U059,59,רזיאל 5/5,59,רזיאל 5/5,59,חנה סנש 18/4 ג',"רזיאל 5/4 
חנה סנש 18/20",59,רזיאל 5/5,59
03D,3001,U060,60,וינגייט 4/2,60,ויגיט 4/2,60,וינגייט  43500,"דרך השלום 125
וינגייט 4/2",60,וינגייט 4/2,60
03E,1815,U061,61,גוש עציון 81/2,61,גוש עציון 81/2,61,גוש עציון 81/2,"גוש עציון 81/14
פזגז: גוש עציון 81/15",61,גוש עציון 81/2,61
03F,2610,U062,62,חנה סנש 14/10,62,חנה סנש 14/10,62,חנה סנש 43022,X,62,חנה סנש 14/10,62
040,2009,U063,63,חנה סנש 18/1 ב',63,חנה סנש 18/1ב,63,חנה סנש 18/1ב',"רזיאל 3/9 ב
חנה סנש 18/9",63,חנה סנש 18/1 ב',63
041,3232,U064,64,חנה סנש 10/2,64,חנה סנש 10/2,64,חנה סנש 42776,חנה סנש 32\10,64,חנה סנש 10/2,64
042,2002,U065,65,חנה סנש 18/2 א',65,רזיאל 2/1,65,חנה סנש 18/2 א',רזיאל 1/2 ,65,חנה סנש 18/2 א',65
043,2025,U066,66,חנה סנש 18/2 ד',66,חנה סנש 18/2,66,חנה סנש 18/2 ד',"רזיאל 7/25
חנה סנש 18/25 ד",66,חנה סנש 18/2 ד',66
044,1856,U067,67,גוש עציון 95/1,67,גוש עציון 95/1,67,גוש עציון 95/1,גוש עציון 95/55,67,גוש עציון 95/1,67
045,1413,U068,68,רוטנברג 6/13,68,רוטנברג 6/13,68,רוטנברג 6/13,X,68,רוטנברג 6/13,68
046,2646,U069,69,חנה סנש 14/46,69,חנה סנש 14/46,69,חנה סנש 14/46,X,69,חנה סנש 14/46,69
047,0454,U070,70,רוטנברג 16/12,70,רוטנברג 16/12,70,רוטנברג 43085,רוטנברג 16/54,70,רוטנברג 16/12,70
048,1850,U071,71,גוש עציון 93/1,71,גוש עציון 93/50,71,גוש עציון 93/1,"גוש עציון 93/49
 בחברת חשמל",71,גוש עציון 93/1,71
049,1851,U072,72,גוש עציון 93/2,72,גוש עציון 93/51,72,גוש עציון 93/2,גוש עציון 93/51,72,גוש עציון 93/2,72
04A,2059,U073,73,רזיאל 15/59,73,רזיאל 15/59,73,חנה סנש 42873,"רזיאל 15/5
חנה סנש 18/59",73,רזיאל 15/59,73
04B,1826,U074,74,גוש עציון 85/01,74,גוש עציון 85/1,74,גוש עציון 85/1,"גוש עציון 85/3
גוש עציון 83/25 
(רשויות)",74,גוש עציון 85/01,74
04C,0414,U075,75,רוטנברג 22/14,75,רוטנברג 22/14,75,רוטנברג  22/14,X,75,רוטנברג 22/14,75
04D,0427,U076,76,רוטנברג 20/27,76,רוטנברג 20/27,76,רוטנברג 20/27,רוטנברג 20/13,76,רוטנברג 20/27,76
04E,1858,U077,77,גוש עציון 95/57,77,גוש עציון 95/57,77,גוש עציון 95/57,גוש עציון 95/3,77,גוש עציון 95/57,77
04F,1816,U078,78,גוש עציון 81/03,78,גוש עציון 81/3,78,גוש עציון 81/3 ג',"גוש עציון 81/15 
חברת חשמל",78,גוש עציון 81/03,78
050,0953,U079,79,רוטנברג 08/11,79,רוטנברג 8/11,79,רוטנברג 8/11 ד',רוטנברג 8/53,79,רוטנברג 08/11,79
051,2052,U080,80,רזיאל  13/06,80,רזיאל 13/6,80,חנה סנש 18/6 ז',"רזיאל 13/52
חנה סנש 52\18",80,רזיאל  13/06,80
052,2031,U081,81,חנה סנש 18/31,81,חנה סנש 18/31,81,חנה סנש 18/31,"חנה סנש 18/1 ה' בארנונה
בגז רזיאל 9/31",81,חנה סנש 18/31,81
053,0417,U082,82,רוטנברג 20/17,82,רוטנברג 20/17,82,רוטנברג 43544,בחשמל רוטנברג 20/17,82,רוטנברג 20/17,82
054,0424,U083,83,רוטנברג 20/10,83,רוטנברג 20/10,83,רוטנברג 43758,רוטנברג 20/24,83,רוטנברג 20/10,83
055,1309,U084,84,בן גוריון 16/09,84,בן גוריון 16/9,84,בן גוריון 43724,,84,בן גוריון 16/09,84
056,0905,U085,85,רוטנברג 14/05,85,רוטנברג 14/5,85,רוטנברג 43599,,85,רוטנברג 14/05,85
057,3006,U086,86,וינגייט 04/05,86,וינגיט 4/5,86,וינגייט 43589,"השלום 125/6
בחשמל",86,וינגייט 04/05,86
058,1922,U087,87,גוש עציון 97/22,87,גוש עציון 97/22,87,גוש עציון 97/22,"בחשמל ג""ע 
99/22",87,גוש עציון 97/22,87
059,2118,U088,88A,השלום 133/1,88A,השלום 133/1,88A,השלום 133/1,השלום 133/18 במי שבע,88,השלום 133/1,88
05A,,,88B,השלום 133/1,88B,השלום 133/2,88B,השלום 133/1,השלום 133/18 במי שבע,, ,
05B,2102,U089,89A,השלום 135/2,89 A,השלום 135/1,89A,השלום 135/2,X,89,השלום 135/2,89
05C,,,89B,השלום 135/2,89 B,השלום 135/1,89B,השלום 135/2,X,, ,
05D,0935,U090,90,רוטנברג 10/35,90,רוטנברג 10/35,90,רוטנברג 44022,רוטנברג 10/35,90,רוטנברג 10/35,90
05E,1848,U091,91,גוש עציון 91/05,91,גוש עציון 91/5,91,גוש עציון 91/5,גוש עציון 91/47,91,גוש עציון 91/05,91
05F,1919,U092,92,גוש עציון 97/04,92,גוש עציון 97/4,92,גוש עציון 97\19,"גוש עציון 4\97
גוש עציון 19\99",92,גוש עציון 97/04,92
060,0929,U093,93,רוטנברג 10/01,93,רוטנברג 10/1,93,רוטנברג 43840,"רוטנברג 10/9 
חשמל
בגז 10/29",93,רוטנברג 10/01,93
061,1703,U094,94,נילי 05/15,94,נילי 5/15,94,נילי 5/15,,94,נילי 05/15,94
062,1912,U095,95,גוש עציון 97/11,95,גוש עציון 97/11,95,גוש עציון 97/11,,95,גוש עציון 97/11,95
063,2056,U096,96,חנה סנש 18/2ח',96,חנה סנש 18/2 ,96,חנה סנש 44245,רזיאל 15/56,96,חנה סנש 18/2ח',96
064,1427,U097,97,רוטנברג 06/27,97,רוטנברג 6/27,97,רוטנברג  6/27,X,97,רוטנברג 06/27,97
065,3225,U098,98,חנה סנש 08/02,98,חנה סנש 8/2,98,חנה סנש 43869,חנה סנש 8/25 בחשמל,98,חנה סנש 08/02,98
066,2801,U099,99,השלום 129/1,99,השלום 129/2,99,השלום  129/1א,השלום 129/2,99,השלום 129/1,99
067,2044,U100,100,חנה סנש 18/06,100,רזיאל 11/44,100,חנה סנש 18/6 ו',"רזיאל 11/44
חברת חשמל:
חנה סנש 18. כ6. ד44 ",100,חנה סנש 18/06,100
068,2051,U101,101,חנה סנש 18/05,101,רזיאל 13/51,101,חנה סנש 43969,"רזיאל 13/51
חנה סנש 18/51 בחשמל",101,חנה סנש 18/05,101
069,1726,U102,102,נילי 07/26,102,נילי 7/26,102,"ניל""י 7/26",5/26 בגז,102,נילי 07/26,102
06A,,,103,רוטנברג 12/07,103,רוטנברג 12/7,103,רוטנברג 12/21,רוטנברג 12/7,103,רוטנברג 12/07,103
06B,1417,U104,104,רוטנברג 06/17,104,רוטנברג 6/17,104,רוטנברג  6/17,,104,רוטנברג 06/17,104
06C,1710,U105,105,נילי 05/09,105,נילי 5/9,105,"ניל""י 44079",,105,נילי 05/09,105
06D,,,106,רוטנברג 12/27,106,רוטנברג 12/27,106,רוטנברג  12/13,"בגז ובחשמל 
מעודכן רוטנברג 12/27",106,רוטנברג 12/27,106
06E,,,,,,,107, ,,, ,
06F,0939,U108,108,רוטנברג 10/11,108,רוטנברג 10/11,108,רוטנברג 44510,X,108,רוטנברג 10/11,108
070,1709,U201,201,נילי 5/8,201,נילי 5/8,201,"ניל""י 43317",X,201,נילי 5/8,201
071,1724,U202,202,נילי 7/24,202,נילי 7/24,202,"ניל""י 7/24",X,202,נילי 7/24,202
072,3220,U203,203,חנה סנש 6/6,203,חנה סנש 6/4,203,חנה סנש  6/20,חנה סנש 6/4,203,חנה סנש 6/6,203
073,1304,U204,204,בן גוריון 16/4,204,בן גוריון 16/4,204,בן גוריון 43206,X,204,בן גוריון 16/4,204
074,2001,U205,205,חנה סנש 18/1 א',205,רזיאל 1/1,205,חנה סנש  18/1 א',"רזיאל 1/1
",205,חנה סנש 18/1 א',205
075,2018,U206,206,רזיאל 5/3,206,רזיאל 5/3,206,חנה סנש  18/18,"אמישרגז רזיאל 3/18
רזיאל 5
חנה סנש  18/2 ג'",206,רזיאל 5/3,206
076,1729,U207,207,נילי 7/29,207,"נילי 7/26
",207,נילי  7/29,X,207,נילי 7/29,207
077,2806,U208,208,השלום 129/5א',208,השלום 129/6,208,השלום 129/5,"השלום 129/5 א'
בארנונה",208,השלום 129/5א',208
078,2011,U209,209,חנה סנש 18/3 ב',209,רזיאל 3/3 (רזיאל 18/3),209,חנה סנש  18/3 ב',"רזיאל 3
בחשמל חנה סנש 
11\18",209,חנה סנש 18/3 ב',209
079,3213,U210,210,חנה סנש 4/13,210+211,חנה סנש 4/13,210,חנה סנש 43589,בחברת הגז 4/6,210,חנה סנש 4/13,210
07A,3214,U211,211,חנה סנש 4/14,,,211,חנה סנש 43589,בחברת הגז 4/6,211,חנה סנש 4/14,211
07B,3215,U411,212,רזיאל 1/8,212,רזיאל 1/8,212,חנה סנש  18/8 א',רזיאל 1/8 באמישרגז,212,רזיאל 1/8,212
07C,2008,U212,213,רוטנברג 12/20,213,רוטנברג 12/20,213,רוטנברג 12/20,רוטנברג 12/6,213,רוטנברג 12/20,213
07D,0920,U213,214A,השלום 131/1,214A,"השלום 131/1
",214A,השלום  131/2,"ברשויות
השלום 131/1 א'",214 א',השלום 131/1,214
07E,2702,U214,214B,השלום 131/1,214B,"השלום 131/1
",214B,השלום  131/2,"ברשויות
השלום 131/1 א'",214 ב',השלום 131/1,
07F,,,214C,השלום 131/1,214C,"השלום 131/1
",214C,השלום  131/2,,, ,
080,,,215,חנה סנש 12/04,215,חנה סנש 12/4,215,חנה סנש 43202,חנה סנש 12/42,215,חנה סנש 12/04,215
081,3242,U215,216,רוטנברג 16/01,216,רוטנברג 16/43,216,רוטנברג 43116,רוטנברג 16/43 ד',216,רוטנברג 16/01,216
082,0443,U216,217,חנה סנש 06/01,217,חנה סנש 6/2,217,חנה סנש 43106,חנה סנש 17\6,217,חנה סנש 06/01,217
083,3217,U217,218,גוש עציון 97/08,218,גוש עציון 97/8,218,גוש עציון  97/8,X,218,גוש עציון 97/08,218
084,1909,U218,219A,וינגייט 02/06,219 A,וינגיט 2/6,219A,וינגייט 2/6 ב',"השלום 125 
בחשמל",219 א',וינגייט 02/06,219
085,3013,U219,219B,וינגייט 02/06,219 B,וינגיט 2/6,219B,וינגייט 2/6 ב',X,219 ב',וינגייט 02/06,
086,,,220,חנה סנש 14/06,220,חנה סנש 14/4,220,חנה סנש  43630,,220,חנה סנש 14/06,220
087,2606,U220,221,גוש עציון 91/06,221,גוש עציון 91/6,221,גוש עציון  91/6,גוש עציון 91/48,221,גוש עציון 91/06,221
088,1849,U221,222,רוטנברג 22/13,222,רוטנברג 22/13,222,רוטנברג 22/13,X,222,רוטנברג 22/13,222
089,0413,U222,223,בן גוריון 20/02,223,בן גוריון 20/2,223,בן גוריון 43151,,223,בן גוריון 20/02,223
08A,1330,U223,224,רוטנברג 06/28,224,רוטנברג 6/8,224,רוטנברג 6/28 ה',,224,רוטנברג 06/28,224
08B,1428,U224,225,חנה סנש 18/04 ז,225,חנה סנש 18/4,225,חנה סנש 18/4 ז',חנה סנש 18/50,225,חנה סנש 18/04 ז,225
08C,2050,U225,226,השלום 129/03,226,השלום 129/3,226,השלום 129/3 ב',,226,השלום 129/03,226
08D,2809,U226,227,חנה סנש 02/03,227,חנה סנש 2/3,227,חנה סנש  43161,X,227,חנה סנש 02/03,227
08E,3203,U227,228,וינגייט  04/06,228,וינגיט 4/6,228,וינגייט  43255,השלום 125/5,228,וינגייט  04/06,228
08F,3005,U228,229,השלום 131/2,229,"השלום 131/2
",229,השלום  131/2 א',,229,השלום 131/2,229
090,2701,U229,230,חנה סנש 02/06,230,חנה סנש 2/6,230,"חנה סנש 
 43253",,230,חנה סנש 02/06,230
091,3206,U230,231A,נילי 07/23,231A,"נילי 7/23
",231A,נילי  7/23 ב',,231,נילי 07/23,231
092,1723,U231,231B,נילי 07/23,231B,"נילי 7/23
",231B,נילי  7/23 ב',,, ,
093,,,232A,השלום 133/20,232A,השלום 133/20,232A,השלום 133/20,,232,השלום 133/20,232
094,2120,U232,232B,השלום 133/20,232B,השלום 133/21,232B,השלום 133/20,,, ,
095,,,233,חנה סנש 18/60,233,חנה סנש 18/60,233,חנה סנש  43634,רזיאל 15/60,233,חנה סנש 18/60,233
096,2060,U233,234,רוטנברג 06/33,234,רוטנברג 6/33,234,רוטנברג 6/33 ו',,234,רוטנברג 06/33,234
097,1433,U234,235,רוטנברג 06/10,235,רוטנברג 6/10,235,רוטנברג  43744,,235,רוטנברג 06/10,235
098,1410,U235,236,נילי 05/05,236,נילי 5/5,236,נילי  5/5 א',,236,נילי 05/05,236
099,1706,U236,237,נילי 05/06,237,נילי 5/6,237,נילי  43621,,237,נילי 05/06,237
09A,1707,U237,238,גוש עציון 97/12,238,גוש עציון 97/12,238,גוש עציון 97/12,,238,גוש עציון 97/12,238
09B,1913,U238,239,רוטנברג 20/02,239,רוטנברג 20/2,239,רוטנברג 43516,רוטנברג 20/16,239,רוטנברג 20/02,239
09C,0416,U239,240,גוש עציון 81/06,240,גוש עציון 81/6,240,גוש עציון 81/6,גוש עציון 81/18,240,גוש עציון 81/06,240
09D,1819,U240,241,נילי  05/13,241,נילי 5/13,241,"נילי 
 5/13",,241,נילי  05/13,241
09E,1714,U241,242,רוטנברג 06/34,242,רוטנברג 6/34,242,רוטנברג 6/34,X,242,רוטנברג 06/34,242
09F,1434,U242,243,השלום 129/12,243,השלום 129/12,243,השלום 129/6,"השלום 129/5 ב'
 בארנונה",243,השלום 129/12,243
0A0,2812,U243,,,,,244, ,,, ,
0A1,,,245,השלום 133/19,245,השלום 133/19,245,השלום  133/19,,245,השלום 133/19,245
0A2,2119,U245,246,גוש עציון 77/06,246,גוש עציון 77/6,246,גוש עציון 77/6,,246,גוש עציון 77/06,246
0A3,1807,U246,247,נילי 05/10,247,נילי 5/10,247,נילי  44474,בגז נילי 12/10,247,נילי 05/10,247
0A4,1711,U247,248,נילי 05/14,248,נילי 5/14,248,נילי 5/14,,248,נילי 05/14,248
0A5,1715,U248,249,נילי 05/01,249,נילי 5/1,249,נילי  44201,,249,נילי 05/01,249
0A6,1701,U249,250,רוטנברג 06/06,250+251,רוטנברג 6/6,250,רוטנברג 44322,רוטנברג 12/5 בגז ,250,רוטנברג 06/06,250
0A7,1405,U250,251,רוטנברג 06/05,,,251,רוטנברג 44322,רוטנברג 12/5 בגז ,251,רוטנברג 06/05,251
0A8,145A,U251,252,גוש עציון  99/03,252+253,גוש עציון97 3+16,252,גוש עציון  97/15,גוש עציון 99/16 בחשמל ,252,גוש עציון  99/03,252
0A9,1903,U252,253,גוש עציון  97/16,,,253,גוש עציון  97/15,גוש עציון 99/16 בחשמל ,253,גוש עציון  97/16,253
0AA,1916,U253,254,השלום 133/29,254,השלום 135/29,254,השלום 133/29,,254,השלום 133/29,254
0AB,2129,U254,255,גוש עציון 87/06,255,גוש עציון 87/6,255,גוש עציון 87/6,,255,גוש עציון 87/06,255
0AC,1837,U255,256,רוטנברג 18/07,256,רוטנברג 18/7,256,רוטנברג 44760,"רוטנברג 18/7 במים
רוטנברג 18/35 בגז ובחשמל
רוטנברג 18/7 בארנונה",256,רוטנברג 18/07,256
0AD,435,U256,257,בן גוריון 16/08,257,בן גוריון 16/8,257,בן גוריון 44789,,257,בן גוריון 16/08,257
0AE,1308,U257,258,גוש עציון 93/53,258,גוש עציון 93/53,258,גוש עציון  93/53,במים ובארנונה: גוש עציון 93/5,258,גוש עציון 93/53,258
0AF,1854,U258,259,גוש עציון 93/54,259,גוש עציון 93/54,259,גוש עציון  93/54,במים ובארנונה : גוש עציון 93/6,259,גוש עציון 93/54,259
0B0,1855,U259,260,השלום 135/14,260,השלום 135/14,260,השלום 135/14,,260,השלום 135/14,260
0B1,2115,U260,,,300,נילי 1,, ,,, ,
0B2,1301,U400,,,,,, ,,, ,
0B3,1302,U401,,,,,, ,,, ,
0B4,1303,U402,,,,,, ,,, ,
0B5,1305,U403,,,,,, ,,, ,
0B6,1306,U404,,,,,, ,,, ,
0B7,1307,U405,,,,,, ,,, ,
0B8,,,,,,,, ,,, ,
0B9,1310,U407,,,,,, ,,, ,
0BA,1311,U408,,,,,, ,,, ,
0BB,1312,U409,,,,,, ,,, ,
0BC,1313,U410,,,,,, ,,, ,
0BD,1314,U411,,,,,, ,,, ,
0BE,1315,U412,,,,,, ,,, ,
0BF,1316,U413,,,,,, ,,, ,
0C0,1317,U414,,,,,, ,,, ,
0C1,1318,U415,,,,,, ,,, ,
0C2,1319,U416,,,,,, ,,, ,
0C3,1320,U417,,,,,, ,,, ,
0C4,1321,U418,,,,,, ,,, ,
0C5,1322,U419,,,,,, ,,, ,
0C6,1323,U420,,,,,, ,,, ,
0C7,1324,U421,,,,,, ,,, ,
0C8,1325,U422,,,,,, ,,, ,
0C9,1326,U423,,,,,, ,,, ,
0CA,1328,U424,,,,,,,,,,
0CB,1329,U425,,,,,,,,,,
0CC,1331,U426,,,,,,,,,,
0CD,1333,U427,,,,,,,,,,
0CE,1334,U428,,,,,,,,,,
0CF,1335,U429,,,,,,,,,,
0D0,1336,U430,,,,,,,,,,
0D1,1337,U431,,,,,,,,,,
0D2,1338,U432,,,,,,,,,,
0D3,1339,U433,,,,,,,,,,
0D4,1340,U434,,,,,,,,,,
0D5,1341,U435,,,,,,,,,,
0D6,1342,U436,,,,,,,,,,
0D7,3231,U437,,,,,,,,,,
0D8,3233,U438,,,,,,,,,,
0D9,3235,U439,,,,,,,,,,
0DA,3236,U440,,,,,,,,,,
0DB,3240,U441,,,,,,,,,,
0DC,3241,U442,,,,,,,,,,
0DD,3243,U443,,,,,,,,,,
0DE,3244,U444,,,,,,,,,,
0DF,3245,U445,,,,,,,,,,
0E0,2601,U402,,,,,,,,,,
0E1,2605,U447,,,,,,,,,,
0E2,2607,U448,,,,,,,,,,
0E3,2609,U449,,,,,,,,,,
0E4,2611,U450,,,,,,,,,,
0E5,2612,U451,,,,,,,,,,
0E6,2613,U452,,,,,,,,,,
0E7,2615,U453,,,,,,,,,,
0E8,2616,U454,,,,,,,,,,
0E9,2617,U455,,,,,,,,,,
0EA,2618,U456,,,,,,,,,,
0EB,2619,U457,,,,,,,,,,
0EC,2621,U458,,,,,,,,,,
0ED,2622,U459,,,,,,,,,,
0EE,2623,U460,,,,,,,,,,
0EF,2624,U461,,,,,,,,,,
0F0,2625,U462,,,,,,,,,,
0F1,2627,U463,,,,,,,,,,
0F2,2628,U464,,,,,,,,,,
0F3,2629,U465,,,,,,,,,,
0F4,2630,U466,,,,,,,,,,
0F5,2631,U467,,,,,,,,,,
0F6,2632,U468,,,,,,,,,,
0F7,2633,U469,,,,,,,,,,
0F8,2634,U470,,,,,,,,,,
0F9,2635,U471,,,,,,,,,,
0FA,2636,U472,,,,,,,,,,
0FB,2637,U473,,,,,,,,,,
0FC,2638,U474,,,,,,,,,,
0FD,2639,U475,,,,,,,,,,
0FE,2640,U476,,,,,,,,,,
0FF,2641,U477,,,,,,,,,,
100,2643,U478,,,,,,,,,,
101,2645,U479,,,,,,,,,,
102,2501,U480,,,,,,,,,,
103,2502,U481,,,,,,,,,,
104,2503,U482,,,,,,,,,,
105,2504,U483,,,,,,,,,,
106,2505,U484,,,,,,,,,,
107,3207,U485,,,,,,,,,,
108,3209,U486,,,,,,,,,,
109,3210,U487,,,,,,,,,,
10A,3211,U488,,,,,,,,,,
10B,3212,U489,,,,,,,,,,
10C,3218,U491,,,,,,,,,,
10D,3219,U492,,,,,,,,,,
10E,3223,U493,,,,,,,,,,
10F,3224,U494,,,,,,,,,,
110,3227,U495,,,,,,,,,,
111,3229,U496,,,,,,,,,,
112,3230,U497,,,,,,,,,,
113,1802,U498,,,,,,,,,,
114,1803,U499,,,,,,,,,,
115,1804,U500,,,,,,,,,,
116,1805,U501,,,,,,,,,,
117,1806,U502,,,,,,,,,,
118,1808,U503,,,,,,,,,,
119,1809,U504,,,,,,,,,,
11A,1810,U505,,,,,,,,,,
11B,1811,U506,,,,,,,,,,
11C,1812,U507,,,,,,,,,,
11D,1813,U508,,,,,,,,,,
11E,1814,U509,,,,,,,,,,
11F,1818,U510,,,,,,,,,,
120,1820,U511,,,,,,,,,,
121,1821,U512,,,,,,,,,,
122,1823,U513,,,,,,,,,,
123,1827,U514,,,,,,,,,,
124,1828,U515,,,,,,,,,,
125,1829,U516,,,,,,,,,,
126,1830,U517,,,,,,,,,,
127,1831,U518,,,,,,,,,,
128,1832?,U519,,,,,,,,,,
129,,,,,,,,,,,,
12A,1833?,U521,,,,,,,,,,
12B,,,,,,,,,,,,
12C,1835,U523,,,,,,,,,,
12D,,,,,,,,,,,,
12E,1838,U525,,,,,,,,,,
12F,1836,U524,,,,,,,,,,
130,,,,,,,,,,,,
131,1840,U528,,,,,,,,,,
132,1842,U529,,,,,,,,,,
133,1843,U530,,,,,,,,,,
134,1844,U531,,,,,,,,,,
135,1845,U532,,,,,,,,,,
136,1846,U533,,,,,,,,,,
137,1847,U534,,,,,,,,,,
138,1852,U535,,,,,,,,,,
139,1853,U422,,,,,,,,,,
13A,1854,U258,,,,,,,,,,
13B,1855,U259,,,,,,,,,,
13C,1857,U539,,,,,,,,,,
13D,1860,U540,,,,,,,,,,
13E,1861,U541,,,,,,,,,,
13F,1917,U542,,,,,,,,,,
140,1918,U543,,,,,,,,,,
141,1920,U544,,,,,,,,,,
142,1921,U545,,,,,,,,,,
143,1923,U546,,,,,,,,,,
144,1924,U547,,,,,,,,,,
145,1926,U548,,,,,,,,,,
146,1928,U549,,,,,,,,,,
147,1929,U550,,,,,,,,,,
148,1901,U551,,,,,,,,,,
149,1902,U552,,,,,,,,,,
14A,1904,U553,,,,,,,,,,
14B,1905,U554,,,,,,,,,,
14C,1906,U555,,,,,,,,,,
14D,1907,U556,,,,,,,,,,
14E,1908,U557,,,,,,,,,,
14F,1910,U558,,,,,,,,,,
150,1911,U559,,,,,,,,,,
151,1914,U560,,,,,,,,,,
152,1915,U561,,,,,,,,,,
153,2901?,U562,,,,,,,,,,
154,2901??,U563,,,,,,,,,,
155,2902?,U564,,,,,,,,,,
156,2902??,U565,,,,,,,,,,
157,2903,U566,,,,,,,,,,
158,2904?,U567,,,,,,,,,,
159,2904??,U568,,,,,,,,,,
15A,2905,U569,,,,,,,,,,
15B,2906,U570,,,,,,,,,,
15C,2907?,U571,,,,,,,,,,
15D,2907??,U572,,,,,,,,,,
15E,,,,,,,,,,,,
15F,,,,,,,,,,,,
160,,,,,,,,,,,,
161,,,,,,,,,,,,
162,,,,,,,,,,,,
163,,,,,,,,,,,,
164,2802,U579,,,,,,,,,,
165,2803,U580,,,,,,,,,,
166,2804,U581,,,,,,,,,,
167,2807,U582,,,,,,,,,,
168,2808,U583,,,,,,,,,,
169,2810,U584,,,,,,,,,,
16A,2811,U585,,,,,,,,,,
16B,2703,U586,,,,,,,,,,
16C,2704,U587,,,,,,,,,,
16D,2705,U588,,,,,,,,,,
16E,2706,U589,,,,,,,,,,
16F,2706?,U590,,,,,,,,,,
170,2706??,U591,,,,,,,,,,
171,2707?,U592,,,,,,,,,,
172,2707??,U401,,,,,,,,,,
173,2708,U594,,,,,,,,,,
174,2709?,U595,,,,,,,,,,
175,,,,,,,,,,,,
176,,,,,,,,,,,,
177,,,,,,,,,,,,
178,,,,,,,,,,,,
179,,,,,,,,,,,,
17A,2116,U601,,,,,,,,,,
17B,2117,U602,,,,,,,,,,
17C,2121,U603,,,,,,,,,,
17D,2122,U604,,,,,,,,,,
17E,2123,U605,,,,,,,,,,
17F,2124,U606,,,,,,,,,,
180,2125,U607,,,,,,,,,,
181,2126,U608,,,,,,,,,,
182,2127,U609,,,,,,,,,,
183,2128,U610,,,,,,,,,,
184,,,,,,,,,,,,
185,2101,U612,,,,,,,,,,
186,2103,U613,,,,,,,,,,
187,2104,U614,,,,,,,,,,
188,2105,U615,,,,,,,,,,
189,2106,U616,,,,,,,,,,
18A,2108,U617,,,,,,,,,,
18B,2109,U618,,,,,,,,,,
18C,2110,U619,,,,,,,,,,
18D,2111,U620,,,,,,,,,,
18E,2112,U621,,,,,,,,,,
18F,2113,U622,,,,,,,,,,
190,2114,U623,,,,,,,,,,
191,2115,U260,,,,,,,,,,
192,1702,U625,,,,,,,,,,
193,1704,U626,,,,,,,,,,
194,1705,U627,,,,,,,,,,
195,1708,U628,,,,,,,,,,
196,1712,U629,,,,,,,,,,
197,1713,U630,,,,,,,,,,
198,1716,U631,,,,,,,,,,
199,1717,U632,,,,,,,,,,
19A,1718,U633,,,,,,,,,,
19B,1719,U634,,,,,,,,,,
19C,1720,U635,,,,,,,,,,
19D,1725,U636,,,,,,,,,,
19E,1727,U637,,,,,,,,,,
19F,1730,U638,,,,,,,,,,
1A0,0930,U639,,,,,,,,,,
1A1,0931,U640,,,,,,,,,,
1A2,0932,U641,,,,,,,,,,
1A3,0933,U642,,,,,,,,,,
1A4,0934,U643,,,,,,,,,,
1A5,0936,U644,,,,,,,,,,
1A6,0937,U645,,,,,,,,,,
1A7,0938,U646,,,,,,,,,,
1A8,0940,U647,,,,,,,,,,
1A9,0941,U648,,,,,,,,,,
1AA,0942,U649,,,,,,,,,,
1AB,0915,U650,,,,,,,,,,
1AC,0916,U651,,,,,,,,,,
1AD,0918,U652,,,,,,,,,,
1AE,0919,U653,,,,,,,,,,
1AF,0921,U103,,,,,,,,,,
1B0,0922,U655,,,,,,,,,,
1B1,0923,U656,,,,,,,,,,
1B2,0924,U657,,,,,,,,,,
1B3,0925,U658,,,,,,,,,,
1B4,0928,U659,,,,,,,,,,
1B5,0901,U660,,,,,,,,,,
1B6,0902,U661,,,,,,,,,,
1B7,0903,U662,,,,,,,,,,
1B8,0904,U663,,,,,,,,,,
1B9,0906,U664,,,,,,,,,,
1BA,0907,U665,,,,,,,,,,
1BB,0908,U666,,,,,,,,,,
1BC,0909,U667,,,,,,,,,,
1BD,0910,U668,,,,,,,,,,
1BE,0911,U669,,,,,,,,,,
1BF,0912,U670,,,,,,,,,,
1C0,0913,U671,,,,,,,,,,
1C1,1401,U672,,,,,,,,,,
1C2,1402,U673,,,,,,,,,,
1C3,1403,U674,,,,,,,,,,
1C4,1404,U675,,,,,,,,,,
1C5,,,,,,,,,,,,
1C6,,,,,,,,,,,,
1C7,1407,U678,,,,,,,,,,
1C8,1408,U679,,,,,,,,,,
1C9,1409,U680,,,,,,,,,,
1CA,1411,U681,,,,,,,,,,
1CB,1412,U682,,,,,,,,,,
1CC,1414,U683,,,,,,,,,,
1CD,1415,U684,,,,,,,,,,
1CE,1416,U685,,,,,,,,,,
1CF,1418,U686,,,,,,,,,,
1D0,1419,U687,,,,,,,,,,
1D1,1420,U688,,,,,,,,,,
1D2,1421,U689,,,,,,,,,,
1D3,1422,U690,,,,,,,,,,
1D4,1423,U691,,,,,,,,,,
1D5,1424,U692,,,,,,,,,,
1D6,1425,U693,,,,,,,,,,
1D7,,,,,,,,,,,,
1D8,1426?,U695,,,,,,,,,,
1D9,1429,U696,,,,,,,,,,
1DA,1430,U697,,,,,,,,,,
1DB,1431,U698,,,,,,,,,,
1DC,1435,U699,,,,,,,,,,
1DD,1436,U700,,,,,,,,,,
1DE,0943,U701,,,,,,,,,,
1DF,0944,U702,,,,,,,,,,
1E0,0945,U703,,,,,,,,,,
1E1,0947,U704,,,,,,,,,,
1E2,0948,U705,,,,,,,,,,
1E3,0949,U706,,,,,,,,,,
1E4,0950,U707,,,,,,,,,,
1E5,0951,U708,,,,,,,,,,
1E6,0952,U709,,,,,,,,,,
1E7,0954,U710,,,,,,,,,,
1E8,0955,U711,,,,,,,,,,
1E9,0956,U712,,,,,,,,,,
1EA,2003,U713,,,,,,,,,,
1EB,2004,U714,,,,,,,,,,
1EC,2005,U715,,,,,,,,,,
1ED,2006,U716,,,,,,,,,,
1EE,2007,U717,,,,,,,,,,
1EF,2039,U718,,,,,,,,,,
1F0,2040,U719,,,,,,,,,,
1F1,2041,U720,,,,,,,,,,
1F2,2042,U721,,,,,,,,,,
1F3,2043,U722,,,,,,,,,,
1F4,2045,U723,,,,,,,,,,
1F5,2046,U724,,,,,,,,,,
1F6,2048,U725,,,,,,,,,,
1F7,2049,U726,,,,,,,,,,
1F8,2053,U727,,,,,,,,,,
1F9,2057,U728,,,,,,,,,,
1FA,2058,U729,,,,,,,,,,
1FB,2061,U730,,,,,,,,,,
1FC,2062,U731,,,,,,,,,,
1FD,2010,U732,,,,,,,,,,
1FE,2012,U733,,,,,,,,,,
1FF,2014,U734,,,,,,,,,,
200,2016,U735,,,,,,,,,,
201,2017,U736,,,,,,,,,,
202,2019,U737,,,,,,,,,,
203,2021,U738,,,,,,,,,,
204,2022,U739,,,,,,,,,,
205,2024?,U740,,,,,,,,,,
206,,,,,,,,,,,,
207,2026,U742,,,,,,,,,,
208,2027,U743,,,,,,,,,,
209,2029,U744,,,,,,,,,,
20A,2030,U745,,,,,,,,,,
20B,2032,U746,,,,,,,,,,
20C,2033,U747,,,,,,,,,,
20D,2034,U748,,,,,,,,,,
20E,2035,U749,,,,,,,,,,
20F,2036,U750,,,,,,,,,,
210,3007,U751,,,,,,,,,,
211,3009,U752,,,,,,,,,,
212,3010,U400,,,,,,,,,,
213,3011,U754,,,,,,,,,,
214,3012,U755,,,,,,,,,,
215,3002,U756,,,,,,,,,,
216,3003,U757,,,,,,,,,,
217,2055,U799,,,,,,,,,,
218,927,U106,,,,,,,,,,
219,41,U901,,,,,,,,,,
21A,42,U902,,,,,,,,,,
21B,43,U903,,,,,,,,,,
21C,44,U904,,,,,,,,,,
21D,45,U905,,,,,,,,,,
21E,46,U906,,,,,,,,,,
21F,47,U907,,,,,,,,,,
220,48,U908,,,,,,,,,,
221,49,U909,,,,,,,,,,
222,410,U910,,,,,,,,,,
223,411,U911,,,,,,,,,,
224,412,U912,,,,,,,,,,
225,415,U915,,,,,,,,,,
226,418,U918,,,,,,,,,,
227,419,U919,,,,,,,,,,
228,420,U920,,,,,,,,,,
229,421,U921,,,,,,,,,,
22A,422,U922,,,,,,,,,,
22B,423,U923,,,,,,,,,,
22C,425,U925,,,,,,,,,,
22D,426,U926,,,,,,,,,,
22E,428,U928,,,,,,,,,,
22F,429,U929,,,,,,,,,,
230,430,U930,,,,,,,,,,
231,431,U931,,,,,,,,,,
232,432,U932,,,,,,,,,,
233,433,U933,,,,,,,,,,
234,434,U934,,,,,,,,,,
235,,,,,,,,,,,,
236,436,U936,,,,,,,,,,
237,437,U937,,,,,,,,,,
238,438,U938,,,,,,,,,,
239,439,U939,,,,,,,,,,
23A,440,U940,,,,,,,,,,
23B,441,U941,,,,,,,,,,
23C,442,U942,,,,,,,,,,
23D,444,U944,,,,,,,,,,
23E,445,U945,,,,,,,,,,
23F,446,U946,,,,,,,,,,
240,447,U947,,,,,,,,,,
241,448,U948,,,,,,,,,,
242,449,U949,,,,,,,,,,
243,450,U950,,,,,,,,,,
244,451,U951,,,,,,,,,,
245,452,U952,,,,,,,,,,
246,453,U953,,,,,,,,,,
247,455,U955,,,,,,,,,,
248,456,U956,,,,,,,,,,
249,18384a9cec75,U540,,,,,,,,,,
24A,2912fab2bb55,U573,,,,,,,,,,
24B,186dafa2a,*Clali*,,,,,,,,,,
24C,,,,,,,,,,,,
24D,,,,,,,,,,,,
24E,,,,,,,,,,,,
24F,,,,,,,,,,,,
250,1f59ee08d,U300,,,,,,,,,,
251,19d33d794,U400,,,,,,,,,,
252,,,,,,,,,,,,
253,,,,,,,,,,,,
254,,,,,,,,,,,,
255,,,,,,,,,,,,
256,,,,,,,,,,,,
257,,,,,,,,,,,,
258,,,,,,,,,,,,